id_centro_de_salud;id_departamento;departamento_centro_de_salud;latitud_centro_de_salud;longitud_centro_de_salud;nombre_centro_de_salud;domicilio_centro_de_salud;tipo
103;4;ALVEAR;-35.713.781;-67.329.896;N_CTRO: 102 - Cochi-co;Ruta 143 Sur s/n;CENTRO DE SALUD
104;4;ALVEAR;-34.999.196;-67.652.128;N_CTRO: 120 - Alvear Oeste;Urquiza N° 249;CENTRO DE SALUD
105;4;ALVEAR;-35.000.005;-67.508.557;N_CTRO: 121 - Bowen;Alvear y Pedro P. Segura;CENTRO DE SALUD
106;4;ALVEAR;-35.147.074;-6.765.481;N_CTRO: 122 - Carmensa;María Arduino de Devono s/n;CENTRO DE SALUD
107;4;ALVEAR;-34.923.388;-67.578.977;N_CTRO: 138 - El Ceibo;Calle C  s/n;CENTRO DE SALUD
108;4;ALVEAR;-35.010.335;-67.656.422;N_CTRO: 516 - La Marzolina;Calle 7 s/n;CENTRO DE SALUD
109;4;ALVEAR;-34.959.569;-67.623.154;N_CTRO: 213 - Los Compartos;Calle 10 s/n;CENTRO DE SALUD
110;4;ALVEAR;-34.923.682;-67.490.993;N_CTRO: 188 - La Escandinava;Calle 22;CENTRO DE SALUD
111;4;ALVEAR;-35.169.219;-66.502.423;N_CTRO: 140 - Canalejas;Ruta 188   E   s/n;CENTRO DE SALUD
112;4;ALVEAR;-34.703.947;-67.045.928;N_CTRO: 141 - Corral De Lorca;Ruta 188   E   s/n;CENTRO DE SALUD
113;4;ALVEAR;-34.964.232;-67.718.151;N_CTRO: 128 - Isla Gorostiague;Calle 2 s/n;CENTRO DE SALUD
114;4;ALVEAR;-34.973.156;-67.683.324;N_CTRO: 157 - San Carlos;Calle 5 Circunvalación;CENTRO DE SALUD
115;4;ALVEAR;-34.989.043;-6.769.792;N_CTRO: 220 - El Caldén;Pedro Giachino 1024;CENTRO DE SALUD
116;4;ALVEAR;-35.000.909;-67.688.426;N_CTRO: 527 - Las Dorcas;Santa Fe s/n;CENTRO DE SALUD
117;4;ALVEAR;-35.158.125;-67.640.361;N_CTRO: 137 - San Pedro;Calle ucrania s/n;CENTRO DE SALUD
118;4;ALVEAR;-349.853;-67.689.802;N_CTRO: 528 - El Nevado;Calle 4 s/n;CENTRO DE SALUD
119;4;ALVEAR;-34.964.596;-67.556.826;N_CTRO: 504 - Los Campamentos;Calle 16 s/n;CENTRO DE SALUD
384;1;CAPITAL;-32.865.077;-68.864.701;N_CTR 1 - B° San MartÍn;Cordón del Plata S/n B° San MartIn;CENTRO DE SALUD
385;1;CAPITAL;-32.870.007;-68.827.628;N_CTR 2 - San Antonio;Videla Castillo 2944;CENTRO DE SALUD
386;1;CAPITAL;-32.873.781;-68.869.971;N_CTRO: 301 - Dr Arturo Illia;B° Flores Sur ME C3;CENTRO DE SALUD
387;1;CAPITAL;-32.889.634;-68.906.538;N_CTRO: 300 - Dr Arturo Oriativia;Camino Acc. a Papagallos y calle de la Esc. B° La ;CENTRO DE SALUD
388;1;CAPITAL;-32.869.915;-68.866.427;N_CTRO: 302 - Padre Llorens;B° San MartÍn MTL13 y 14 calle Uspalla;CENTRO DE SALUD
561;2;GODOY CRUZ;-32.921.665;-68.879.222;N_CTR 4 - Los Glaciares;Pablo Iglesias 3440;CENTRO DE SALUD
562;2;GODOY CRUZ;-32.957.924;-68.838.858;N_CTR 8 - B° Huarpes;Soldado Baigorria - B° Huarpes;CENTRO DE SALUD
563;2;GODOY CRUZ;-32.923.646;-6.881.982;N_CTRO 27 - San Francisco;Independencia 3;CENTRO DE SALUD
564;2;GODOY CRUZ;-32.956.513;-6.885.064;N_CTRO 28 - Dr.Juan Navarro;Cervantes 2686;CENTRO DE SALUD
565;2;GODOY CRUZ;-32.906.559;-6.886.221;N_CTRO 29 - Villa Jovita;Renato Della Santa 1910;CENTRO DE SALUD
566;2;GODOY CRUZ;-32.928.441;-68.846.213;N_CTRO 30 - Dr. Aldo Dapás;Colón 339;CENTRO DE SALUD
567;2;GODOY CRUZ;-32.922.107;-68.864.106;N_CTRO: 149 - Dr.Ramón Carrillo;Montes de Oca y Plumerillo 2420;CENTRO DE SALUD
568;2;GODOY CRUZ;-32.955.192;-68.832.099;N_CTRO: 150 - Dr.Daniel Rebollo;Bahía Aguirre - B° La Gloria;CENTRO DE SALUD
569;2;GODOY CRUZ;-32.947.138;-68.869.793;N_CTRO: 168 - La Estanzuela;Mz-12 C-2 / B° Dolores Prats;CENTRO DE SALUD
570;2;GODOY CRUZ;-3.295.253;-68.824.406;N_CTRO: 172 - Alicia M. de Justo;Mz-J C-22 Calle Cabo San Pío;CENTRO DE SALUD
571;2;GODOY CRUZ;-32.931.945;-68.873.261;N_CTRO: 204 - B° Sarmiento;Salvador Arias y Mar del Plata;CENTRO DE SALUD
572;2;GODOY CRUZ;-32.917.024;-6.885.679;N_CTRO: 600 - Coordinacion;Derqui y Marmol;CENTRO DE SALUD
573;2;GODOY CRUZ;-32.932.754;-68.893.488;N_CTRO: 515 - Sol y Sierra;Dique Maure s/n Calle 2° Sombra;CENTRO DE SALUD
574;2;GODOY CRUZ;-3.294.842;-68.840.806;N_CTRO: 556 - Benegas;Salvador del Carril 1872;CENTRO DE SALUD
575;2;GODOY CRUZ;-32.947.521;-68.859.043;N_CTRO: 304 - B° Fuchs;Laguna de la Niña Encantada y Lago;CENTRO DE SALUD
576;2;GODOY CRUZ;-3.293.836;-688.336;N_CTRO: 134 - Padre Contreras;Las Orquideas 906 - B° Soeva Norte;CENTRO DE SALUD
577;2;GODOY CRUZ;-32.935.831;-68.873.962;N_CTRO: 305 - B° Foecit;Las Chimbas s/n y Salvador Civit;CENTRO DE SALUD
802;3;GUAYMALLEN;-329.112;-68.769.727;N_CTR 5 - Pascual Lauriente;Bra. de los Andes 6280 -R de la cruz;CENTRO DE SALUD
803;3;GUAYMALLEN;-3.290.393;-68.770.707;N_CTR 6 - Bº Patron Santiago;P.Castillo  5,900 -Bº Ptron Sgo.- Capilla del;CENTRO DE SALUD
804;3;GUAYMALLEN;-32.897.449;-68.761.872;N_CTR 7 - Andres Bacigalupo;Ropolo 6430  - Buena Nueva;CENTRO DE SALUD
805;3;GUAYMALLEN;-32.902.561;-68.696.267;N_CTR 9 - Los Corralitos;25 de mayo s/n  - Corralitos;CENTRO DE SALUD
806;3;GUAYMALLEN;-32.893.531;-68.807.709;N_CTRO 10 - Nueva ciudad;Pringles 2153 - San JosÚ;CENTRO DE SALUD
807;3;GUAYMALLEN;-3.290.498;-68.808.361;N_CTRO 11 - Sta. Elvira;Juan Diaz de Solis 565 - Dorrego;CENTRO DE SALUD
808;3;GUAYMALLEN;-32.867.047;-68.785.942;N_CTRO 12 - Bermejo;Mathus Hoyos 2980 - Bermejo;CENTRO DE SALUD
809;3;GUAYMALLEN;-32.846.747;-68.708.259;N_CTRO 13 - Colonia Segovia;Cambiaggi 9990 - Cnia.Segovia;CENTRO DE SALUD
810;3;GUAYMALLEN;-32.884.162;-68.791.767;N_CTRO 14 - Pedro Molina;Granad. De San Martin y Bolivia;CENTRO DE SALUD
811;3;GUAYMALLEN;-32.897.615;-6.878.108;N_CTRO 16 - Villa Nueva;alpatacal y chile  - villa nueva;CENTRO DE SALUD
812;3;GUAYMALLEN;-329.244;-68.782.966;N_CTRO: 179 - Prof. Carbonari;ascasubi y rio salado s/n - j. nazareno;CENTRO DE SALUD
813;3;GUAYMALLEN;-32.918.106;-68.676.754;N_CTRO: 185 - Juan Foucault;paladini 3130 - la primavera;CENTRO DE SALUD
814;3;GUAYMALLEN;-32.883.052;-68.783.119;N_CTRO: 196 - Josefina Oros;pedro molina y araujo -v. nueva;CENTRO DE SALUD
815;3;GUAYMALLEN;-32.918.855;-68.753.004;N_CTRO: 210 - Bº Escorihuela;canada y ee.uu. - r. de la cruz;CENTRO DE SALUD
816;3;GUAYMALLEN;-32.926.531;-68.780.039;N_CTRO: 211 - Jesus Nazareno;pedro goyena s/n.  - j. nazareno;CENTRO DE SALUD
817;3;GUAYMALLEN;-32.841.239;-68.694.677;N_CTRO: 212 - Sra. de los Milagros;loteo nebot mb l2 - ruta prov. 24 km. 16 - c. sego;CENTRO DE SALUD
818;3;GUAYMALLEN;-32.880.222;-68.802.866;N_CTRO: 214 - Bº LihuÚ;P.Molina y Colon -S. JosÚ;CENTRO DE SALUD
819;3;GUAYMALLEN;-32.883.018;-68.760.153;N_CTRO: 216 - Malv. Arg.;Las Aguilas Mz A Lote 2  - Bº Paraguay;CENTRO DE SALUD
820;3;GUAYMALLEN;-32.864.012;-68.665.886;N_CTRO: 308 - Puente de Hierro;Severo del Castillo y Carlos Gardel;CENTRO DE SALUD
821;3;GUAYMALLEN;-32.878.412;-68.824.163;N_CTRO: 222 - Club Pedro Molina;matienzo 2073 - p. molina;CENTRO DE SALUD
822;3;GUAYMALLEN;-32.909.924;-68.829.979;N_CTRO 15 - Ejto. De los Andes;cipoletti 750 - dorrego;CENTRO DE SALUD
823;3;GUAYMALLEN;-32.855.759;-68.691.077;N_CTRO: 219 - San Cayetano;tabanera 8621 - colonia segovia;CENTRO DE SALUD
889;5;JUNIN;-33.145.271;-68.484.974;N_CTRO 62 - Oscar de Lellis;Salvador Gonzalez 192;CENTRO DE SALUD
890;5;JUNIN;-33.097.413;-68.573.101;N_CTRO 63 - Los Barriales;Remedios Escalada s/n;CENTRO DE SALUD
891;5;JUNIN;-33.124.483;-6.840.988;N_CTRO 78 - Ingeniero Giagnoni;Abrusezze s/n;CENTRO DE SALUD
892;5;JUNIN;-3.316.069;-68.411.807;N_CTRO 64 - Alagarrobo Grande;Calle Estrella s/n;CENTRO DE SALUD
893;5;JUNIN;-33.093.813;-68.582.689;N_CTRO 65 - Rodriguez Peña;Carril Nuevo s/n;CENTRO DE SALUD
894;5;JUNIN;-33.203.168;-68.376.403;N_CTRO 71 - Phillips;SalomÚ Gil y Metraux;CENTRO DE SALUD
895;5;JUNIN;-33.094.749;-68.479.059;N_CTRO: 169 - La Colonia;Entre Ríos s/n;CENTRO DE SALUD
896;5;JUNIN;-33.152.584;-68.471.988;N_CTRO: 229 - El Martillo;Bº El Martillo   C - 19;CENTRO DE SALUD
897;5;JUNIN;-33.138.132;-68.629.682;N_CTRO: 228 - El Topón;Sauce y La Legua;CENTRO DE SALUD
898;5;JUNIN;-33.052.453;-68.573.093;N_CTRO: 232 - Bº Jardin Ferroviario;Bº Jardin Ferroviario;CENTRO DE SALUD
899;5;JUNIN;-3.321.497;-68.320.928;N_CTRO: 230 - Los Otoyanes;Calle Nº 5;CENTRO DE SALUD
900;5;JUNIN;-33.154.621;-6.835.591;N_CTRO: 231 - Alto Verde;Circunvalacion;CENTRO DE SALUD
929;6;LA PAZ;-33.464.063;-67.597.444;N_CTRO 88 - Enf.Eloy Gimenez;Corocorto s/n;CENTRO DE SALUD
930;6;LA PAZ;-33.402.864;-67.154.441;N_CTRO 90 - Herminia Nielsen;ruta 7 s/n;CENTRO DE SALUD
1095;7;LAS HERAS;-32.843.367;-68.832.077;N_CTRO 17 - Carlos Evans;Cornelio Moyano y Catamarca;CENTRO DE SALUD
1096;7;LAS HERAS;-32.830.595;-68.821.624;N_CTRO 20 - Bº 26 de Enero;entre C.13 y 14 Bº26 de enero;CENTRO DE SALUD
1097;7;LAS HERAS;-32.777.923;-68.749.035;N_CTRO 21 - El Borbollon;San Ramon s/n;CENTRO DE SALUD
1098;7;LAS HERAS;-3.276.591;-68.702.905;N_CTRO 22 - Nazareno Domizzi;Calle El Pastal s/n;CENTRO DE SALUD
1099;7;LAS HERAS;-32.789.053;-69.658.204;N_CTRO 24 - Polvaredas;Ruta Int.Nº 7;CENTRO DE SALUD
1100;7;LAS HERAS;-32.805.201;-68.824.754;N_CTRO: 136 - Juan Minetti;Brasil y Curie;CENTRO DE SALUD
1101;7;LAS HERAS;-32.844.483;-6.886.984;N_CTRO: 139 - Bº J.Municipal;M 35 C 27 Bº Municipal;CENTRO DE SALUD
1102;7;LAS HERAS;-32.864.448;-68.812.889;N_CTRO 25 - Monteavaro;Chaco 1700 BºCIRSUBDOS;CENTRO DE SALUD
1103;7;LAS HERAS;-32.846.491;-6.878.868;N_CTRO: 192 - J.Newbery;Río Juramento y Cabildo;CENTRO DE SALUD
1104;7;LAS HERAS;-32.839.022;-68.767.514;N_CTRO: 193 - Galarraga;Lavalle s/n;CENTRO DE SALUD
1105;7;LAS HERAS;-32.854.222;-68.838.461;N_CTRO: 362 - Antonio Huesped;Sargento Cabral 1142;CENTRO DE SALUD
1106;7;LAS HERAS;-32.839.108;-68.822.698;N_CTRO 18 - Gral. Espejo;Sucre 2274;CENTRO DE SALUD
1107;7;LAS HERAS;-32.821.092;-68.834.624;N_CTRO: 355 - La Riojita;Amigorena 542;CENTRO DE SALUD
1108;7;LAS HERAS;-32.837.947;-68.807.596;N_CTRO: 353 - Dr Ortiz Guevara;Chile y Aguado;CENTRO DE SALUD
1109;7;LAS HERAS;-32.835.577;-68.843.433;N_CTRO: 333 - Dr RenÚ Favaloro;Chiclana y Sarmiento;CENTRO DE SALUD
1110;7;LAS HERAS;-32.854.218;-68.801.986;N_CTRO: 221 - San Fco. De Asis;Bº Democracia M H C12;CENTRO DE SALUD
1111;7;LAS HERAS;-32.855.604;-68.890.037;N_CTRO: 921 - Challao;Avda.Champagnat s/n;CENTRO DE SALUD
1112;7;LAS HERAS;-32.818.629;-6.882.188;N_CTRO: 226 - San Miguel;Galigniana s/n;CENTRO DE SALUD
1113;7;LAS HERAS;-32.830.404;-68.813.704;N_CTRO: 234 - Bº Dorrego;Calle 4 y Nueva Sur;CENTRO DE SALUD
1190;8;LAVALLE;-32.809.859;-6.722.266;N_CTRO 89 - Arroyito;Ruta Altas Cumbres 105 km al Este;CENTRO DE SALUD
1191;8;LAVALLE;-32.602.576;-6.728.737;N_CTRO: 145 - El Forzudo;Ruta Altas Cumbres 85 km al Este;CENTRO DE SALUD
1192;8;LAVALLE;-32.470.088;-67.380.351;N_CTRO 49 - El Retamo;Ruta Altas cumbres 66km al Este;CENTRO DE SALUD
1193;8;LAVALLE;-32.370.095;-68.218.035;N_CTRO 46 - Lagunas del Rosario;Lagunas del Rosario;CENTRO DE SALUD
1194;8;LAVALLE;-32.575.017;-68.270.467;N_CTRO: 133 - Asunción;Ruta Altas Cumbres 42 km al Oeste;CENTRO DE SALUD
1195;8;LAVALLE;-32.594.044;-6.866.994;N_CTRO 45 - Jocolí;Ruta 40 km 41;CENTRO DE SALUD
1196;8;LAVALLE;-32.759.164;-68.397.384;N_CTRO 43 - Costa de Araujo;Dr. Moreno s/n;CENTRO DE SALUD
1197;8;LAVALLE;-32.709.003;-68.675.642;N_CTRO: 180 - Lotes Cavero;Ruta 40 km 27;CENTRO DE SALUD
1198;8;LAVALLE;-32.680.268;-68.640.174;N_CTRO 41 - Tres de Mayo;Ruta 36 s/n;CENTRO DE SALUD
1199;8;LAVALLE;-32.394.078;-68.530.653;N_CTRO 47 - San JosÚ;San Jose s/n;CENTRO DE SALUD
1200;8;LAVALLE;-32.808.806;-68.667.845;N_CTRO: 501 - La Pega;Ruta 24 La Pega;CENTRO DE SALUD
1201;8;LAVALLE;-32.670.019;-68.534.655;N_CTRO: 201 - Colonia Italia;Gral. Acha a 200 m de esc.Ignacio Moron;CENTRO DE SALUD
1202;8;LAVALLE;-32.679.217;-68.333.127;N_CTRO 44 - Gustavo Andre;Moyano s/n;CENTRO DE SALUD
1203;8;LAVALLE;-32.718.651;-68.459.357;N_CTRO: 502 - El Plumero;Calle El Plumero y el Carmen Bº Don Bosco;CENTRO DE SALUD
1204;8;LAVALLE;-32.590.639;-68.556.372;N_CTRO 42 - San Francisco;San Juan s/n;CENTRO DE SALUD
1205;8;LAVALLE;-32.254.676;-67.676.658;N_CTRO: 200 - San Gabriel;Ruta Altas Cumbres;CENTRO DE SALUD
1206;8;LAVALLE;-32.827.278;-68.604.758;N_CTRO: 500 - Las Violetas;Carril Montenegro a 500 m de esc. Maestros Mendoci;CENTRO DE SALUD
1207;8;LAVALLE;-3.286.086;-67.663.777;N_CTRO: 504 - La Josefa;a 90 km CAPS el Retamo en esc. Senderos de la Patr;CENTRO DE SALUD
1208;8;LAVALLE;-32.716.723;-68.407.642;N_CTRO: 508 - El Carmen;Calle El Carmen s/n;CENTRO DE SALUD
1209;8;LAVALLE;-32.604.155;-68.340.402;N_CTRO: 506 - El Cavadito;Ruta 142 a 200 m de Capilla San Judas Tadeo;CENTRO DE SALUD
1210;8;LAVALLE;-32.297.393;-6.753.472;N_CTRO 48 - San Miguel;Ruta Altas cumbres 26 km al Este;CENTRO DE SALUD
1211;8;LAVALLE;-32.398.448;-67.514.793;N_CTRO: 131 - Lagunitas;Ruta Altas Cumbres 42 km al Oeste;CENTRO DE SALUD
1212;8;LAVALLE;-32.716.742;-68.335.213;N_CTRO: 509 - San Pedro;Frente a Finca Cartellone Gustavo Andre;CENTRO DE SALUD
1213;8;LAVALLE;-32.235.019;-6.780.636;N_CTRO: 511 - Los Medanos;a 15 km del CAPS de San JosÚ;CENTRO DE SALUD
1214;8;LAVALLE;-3.219.987;-68.297.305;N_CTRO: 512 - Nº Alto con Retamo;28 km del Ctro de Salud de San JosÚ a 200 m d;CENTRO DE SALUD
1215;8;LAVALLE;-32.780.893;-68.533.792;N_CTRO: 510 - El Paramillo;Calle Grosso s/n junto a esc. Jose A Díaz;CENTRO DE SALUD
1216;8;LAVALLE;-32.563.965;-67.804.472;N_CTRO: 507 - El Retiro;Junto a la Escuela San Alfonso Tadeo;CENTRO DE SALUD
1217;8;LAVALLE;-32.783.959;-6.861.295;N_CTRO 40 - El Vergel;Dorrego s/n;CENTRO DE SALUD
1218;8;LAVALLE;-32.660.229;-68.658.229;N_CTR 0 - Andacollo;Ruta 40, Barrio Andacollo;CENTRO DE SALUD
1336;9;LUJAN;-32.968.852;-68.847.552;N_CTR 3 - Carrodilla;Kraus y Cutral-Co;CENTRO DE SALUD
1337;9;LUJAN;-3.303.825;-68.888.301;N_CTRO 31 - David Busana;Serpa y Rep. Del Líbano;CENTRO DE SALUD
1338;9;LUJAN;-33.212.232;-68.891.034;N_CTRO 39 - Ugarteche;Ruta 15  km 37;CENTRO DE SALUD
1339;9;LUJAN;-33.149.258;-68.892.028;N_CTRO 35 - Agrelo;San Martín 8995;CENTRO DE SALUD
1340;9;LUJAN;-33.136.227;-68.919.316;N_CTRO 33 - La Colonia;Cobos S/n  Agrelo;CENTRO DE SALUD
1341;9;LUJAN;-32.956.749;-69.196.888;N_CTRO 34 - Potrerillos;Ruta 7 km 69;CENTRO DE SALUD
1342;9;LUJAN;-3.324.765;-68.801.352;N_CTRO 36 - Carrizal del Medio;Ruta 16  km 10;CENTRO DE SALUD
1343;9;LUJAN;-33.324.499;-68.756.037;N_CTRO 37 - Carrizal de Abajo;Ruta 16  km 20;CENTRO DE SALUD
1344;9;LUJAN;-33.079.712;-68.884.136;N_CTRO: 202 - Pedriel;20 de junio 4120;CENTRO DE SALUD
1345;9;LUJAN;-33.035.608;-68.967.383;N_CTRO 32 - Las Compuertas;Saenz Peña 8801;CENTRO DE SALUD
1346;9;LUJAN;-32.985.188;-6.888.064;N_CTRO 38 - Chacras de Coria;Italia 5600;CENTRO DE SALUD
1347;9;LUJAN;-32.965.872;-68.832.466;N_CTRO: 218 - Los Alerces;Isla de los Estados 1875;CENTRO DE SALUD
1348;9;LUJAN;-3.296.239;-68.843.064;N_CTRO: 217 - Los Olivos;Manuel A. Saenz 8253;CENTRO DE SALUD
1349;9;LUJAN;-33.236.855;-68.915.267;N_CTRO: 523 - Novero;Esc. Novero - El Alto;CENTRO DE SALUD
1350;9;LUJAN;-33.006.456;-69.266.426;N_CTRO: 520 - Las Vegas;Ruta Intern. A Chile - Potrerillos;CENTRO DE SALUD
1351;9;LUJAN;-33.010.858;-69.121.421;N_CTRO: 521 - Cacheuta;Camping Edemsa - Cacheuta;CENTRO DE SALUD
1352;9;LUJAN;-33.076.447;-69.126.995;N_CTRO: 522 - Las Avispas;Ruta Intern. A Chile - Potrerillos;CENTRO DE SALUD
1353;9;LUJAN;-33.072.602;-68.924.091;N_CTRO: 224 - Costa Flores;Bº Costa Flores Mz A - C13;CENTRO DE SALUD
1354;9;LUJAN;-33.099.619;-68.915.989;N_CTRO: 546 - Costa Esperanza;Cobos S/n  Agrelo;CENTRO DE SALUD
1497;10;MAIPU;-3.298.161;-68.755.076;N_CTRO 51 - Coquimbito;Bº Castañeda, Bandera Nac 98;CENTRO DE SALUD
1498;10;MAIPU;-32.974.346;-68.729.267;N_CTRO 52 - Gral. Ortega;Julio A. Roca 3910;CENTRO DE SALUD
1499;10;MAIPU;-33.026.363;-68.793.237;N_CTRO 53 - Cruz de Piedra;Videla Aranda 469;CENTRO DE SALUD
1500;10;MAIPU;-33.040.964;-68.821.803;N_CTRO 54 - Lunlunta;Maza 8035;CENTRO DE SALUD
1501;10;MAIPU;-33.103.485;-68.725.746;N_CTRO 55 - Barrancas;El Alto 6996;CENTRO DE SALUD
1502;10;MAIPU;-32.992.084;-6.868.459;N_CTRO 56 - Rodeo del Medio;Carril Nacional 4786;CENTRO DE SALUD
1503;10;MAIPU;-33.040.248;-68.582.543;N_CTRO 57 - San Roque;La Madrid 434;CENTRO DE SALUD
1504;10;MAIPU;-33.040.327;-68.644.173;N_CTRO 58 - Santa Blanca;Santa María de Oro 1263;CENTRO DE SALUD
1505;10;MAIPU;-33.082.567;-68.615.035;N_CTRO 59 - Isla Grande;La Isla 3215;CENTRO DE SALUD
1506;10;MAIPU;-3.298.405;-68.797.772;N_CTRO 60 - Gutierrez;Maza 36;CENTRO DE SALUD
1507;10;MAIPU;-32.951.593;-68.801.086;N_CTRO: 199 - Bº Antártida Arg.;L. Piedrabuena;CENTRO DE SALUD
1508;10;MAIPU;-32.992.078;-6.876.467;N_CTRO: 151 - Bº Tropero Sosa;Entre Rios s/n;CENTRO DE SALUD
1509;10;MAIPU;-32.980.314;-68.782.905;N_CTRO: 237 - JosÚ Repetto;Cnel L Barcala 413;CENTRO DE SALUD
1510;10;MAIPU;-32.982.068;-68.700.754;N_CTRO: 166 - Bº 25 de Mayo;María Auxiliadora y Digta;CENTRO DE SALUD
1511;10;MAIPU;-32.955.507;-68.782.917;N_CTRO: 186 - Bº Villa Hortensia;Los Chingolos 203;CENTRO DE SALUD
1512;10;MAIPU;-33.038.378;-68.751.094;N_CTRO: 203 - Chachingo;Videla Aranda 4731;CENTRO DE SALUD
1513;10;MAIPU;-32.912.619;-68.665.737;N_CTRO: 560 - Santa María;Ruta 20 y Reconquista;CENTRO DE SALUD
1514;10;MAIPU;-33.022.167;-68.662.462;N_CTRO: 517 - San Cayetano;Laureano Nassal lote 79 - Beltrán;CENTRO DE SALUD
1515;10;MAIPU;-32.921.595;-68.605.388;"N_CTRO: 310 - Los &#193;lamos";Carril Los Alamos y Sarmiento;CENTRO DE SALUD
1516;10;MAIPU;-33.052.547;-68.627.782;N_CTRO: 311 - Isla Chica;Calle Isla Chica S/n;CENTRO DE SALUD
1517;10;MAIPU;-33.079.323;-68.731.334;N_CTRO: 319 - El Jume;Carril Barrancas s/n;CENTRO DE SALUD
1518;10;MAIPU;-32.967.678;-687.777;N_CTRO: 321 - Bº Maugeri;J Correa y General Paz;CENTRO DE SALUD
1519;10;MAIPU;-33.025.947;-68.840.267;N_CTRO: 322 - Recoaro;Aranda y Vieytes;CENTRO DE SALUD
1520;10;MAIPU;-33.009.551;-68.716.747;N_CTRO: 323 - Villa Seca;Carril Perito Moreno s/n;CENTRO DE SALUD
1521;10;MAIPU;-33.005.131;-68.783.471;N_CTRO: 326 - Russel;Giraldes y Laprida;CENTRO DE SALUD
1522;10;MAIPU;-32.993.644;-68.771.206;N_CTRO: 332 - Malcayaes;Pescara S/n - Bº Malcayaes;CENTRO DE SALUD
1523;10;MAIPU;-32.923.463;-68.593.851;N_CTRO: 335 - Ruta 20;"Ruta 20 s/n - Los &#193;lamos";CENTRO DE SALUD
1524;10;MAIPU;-32.949.325;-68.649.781;N_CTRO: 342 - Colonia Bombal;Belgrano s/n - Bº Bombal;CENTRO DE SALUD
1525;10;MAIPU;-32.963.357;-68.816.817;N_CTRO: 352 - Bº Condor y Andes;Los Artesanos 1510 - Bº Condor y Andes;CENTRO DE SALUD
1526;10;MAIPU;-32.947.969;-68.721.631;N_CTRO: 356 - Piccione;Unión Vecinal s/n - Bº Piccione;CENTRO DE SALUD
1527;10;MAIPU;-33.023.841;-68.608.751;N_CTRO: 357 - Titarelli;Las Margaritas s/n - frente a escuela;CENTRO DE SALUD
1528;10;MAIPU;-32.956.659;-68.721.062;N_CTRO: 518 - San Francisco;Belgrano proyectada Nº 01;CENTRO DE SALUD
1596;11;MALARGÜE;-35.868.885;-69.805.064;N_CTRO: 132 - Bardas Blancas;Ruta Nac. 40 Sur nº 394;CENTRO DE SALUD
1597;11;MALARGÜE;-36.154.426;-68.301.985;N_CTRO: 126 - Agua Escondida;"Calle P&#250;blica s/n";CENTRO DE SALUD
1598;11;MALARGÜE;-36.270.195;-69.858.249;N_CTRO: 124 - El Alambrado;"Calle P&#250;blica S/N";CENTRO DE SALUD
1599;11;MALARGÜE;-36.278.496;-68.583.444;N_CTRO: 182 - La Salinilla;Ruta Provincial Nº 180;CENTRO DE SALUD
1600;11;MALARGÜE;-37.204.909;-69.112.699;N_CTRO: 135 - Pata Mora;Ruta Provincial Nº 180;CENTRO DE SALUD
1601;11;MALARGÜE;-3.579.434;-70.141.094;N_CTRO: 143 - Las Loicas;Ruta Prov. Nº 226;CENTRO DE SALUD
1602;11;MALARGÜE;-36.106.927;-69.760.107;N_CTRO: 165 - El Manzano;Ruta Provincial;CENTRO DE SALUD
1603;11;MALARGÜE;-35.546.013;-69.581.515;N_CTRO: 177 - Bº Virgen del Carmen;Barrio Virgen del Carmen;CENTRO DE SALUD
1604;11;MALARGÜE;-36.584.969;-68.537.029;N_CTRO: 127 - El Cortaderal;Ruta Provincial;CENTRO DE SALUD
1605;11;MALARGÜE;-35.482.539;-6.959.071;N_CTRO: 129 - Bº Bastias;Luis Tejedor y Corvalán;CENTRO DE SALUD
1606;11;MALARGÜE;-36.659.702;-69.828.083;N_CTRO: 125 - Ranquil Norte;Ruta 40 sur;CENTRO DE SALUD
1607;11;MALARGÜE;-3.547.536;-69.567.492;N_CTRO: 225 - Bº El PayÚn;Bardas Blancas 931;CENTRO DE SALUD
1608;11;MALARGÜE;-35.813.318;-69.190.667;N_CTRO: 700 - Carapacho;Ruta Provincial Nº 186;CENTRO DE SALUD
1693;12;RIVADAVIA;-33.275.337;-68.393.534;N_CTRO: 146 - Campamentos;O. kermes s/n;CENTRO DE SALUD
1694;12;RIVADAVIA;-33.206.245;-684.267;N_CTRO: 148 - Sta Maria de Oro;Liniers s/n;CENTRO DE SALUD
1695;12;RIVADAVIA;-33.214.949;-68.504.536;N_CTRO: 173 - La Libertad;La libertad s/n;CENTRO DE SALUD
1696;12;RIVADAVIA;-33.321.869;-68.327.178;N_CTRO 66 - Mirador;San Juan s/n;CENTRO DE SALUD
1697;12;RIVADAVIA;-331.816;-68.617.497;N_CTRO 67 - Medrano;San Martin s/n;CENTRO DE SALUD
1698;12;RIVADAVIA;-33.178.272;-68.566.229;N_CTRO 68 - Los Arboles;Riobamba s/n;CENTRO DE SALUD
1699;12;RIVADAVIA;-33.275.085;-6.831.631;N_CTRO 69 - La Central;J. Estrada y N Gil;CENTRO DE SALUD
1700;12;RIVADAVIA;-33.225.131;-68.558.664;N_CTRO 70 - Reduccion;Centenario s/n;CENTRO DE SALUD
1701;12;RIVADAVIA;-33.182.469;-68.528.953;N_CTRO: 315 - Andrade;Circumbalacion sur;CENTRO DE SALUD
1702;12;RIVADAVIA;-33.266.193;-68.454.043;N_CTRO: 317 - La Verde;Florida s/n;CENTRO DE SALUD
1703;12;RIVADAVIA;-33.286.154;-68.356.199;N_CTRO: 328 - Bº A Godoy;Bº A.  Godoy;CENTRO DE SALUD
1704;12;RIVADAVIA;-33.266.901;-68.461.045;N_CTRO: 337 - Bº Mutual Titarelli;Bº M Titarelli;CENTRO DE SALUD
1705;12;RIVADAVIA;-33.255.329;-68.506.023;N_CTRO: 336 - La Forestal;Florida s/n;CENTRO DE SALUD
1706;12;RIVADAVIA;-33.231.544;-68.477.293;N_CTRO: 318 - Bº Rivadavia;Bº Rivadavia;CENTRO DE SALUD
1707;12;RIVADAVIA;-33.221.348;-68.635.189;N_CTRO: 343 - Reduccion de Arriba;Carril Viejo Reduccion;CENTRO DE SALUD
1708;12;RIVADAVIA;-33.177.028;-6.842.957;N_CTRO: 316 - Mundo Nuevo;Bº Algarrobo Mb - C31;CENTRO DE SALUD
1709;12;RIVADAVIA;-33.192.476;-68.577.729;N_CTRO: 156 - Costa Anzorena;Fca. Yamin;CENTRO DE SALUD
1710;12;RIVADAVIA;-33.182.838;-68.449.125;N_CTRO: 543 - San Isidro;Bº San Isidro;CENTRO DE SALUD
2378;13;SAN CARLOS;-33.731.993;-69.127.108;N_CTRO: 101 - La Consulta;Ejto. de los Andes 588;CENTRO DE SALUD
2379;13;SAN CARLOS;-33.773.746;-69.039.686;N_CTRO 99 - San Carlos;S/ Martín Nº 181;CENTRO DE SALUD
2380;13;SAN CARLOS;-3.367.091;-68.980.454;N_CTRO: 100 - Capiz Alto;Calle Los Baños S/nº;CENTRO DE SALUD
2381;13;SAN CARLOS;-33.736.584;-69.072.545;N_CTRO: 144 - Villa Chacón;Ruta 40 vieja y Dr Metraw;CENTRO DE SALUD
2382;13;SAN CARLOS;-33.847.318;-69.072.485;N_CTRO: 105 - Dr Ivan Cané;Ruta 40 km 106;CENTRO DE SALUD
2383;13;SAN CARLOS;-33.886.889;-69.067.682;N_CTRO: 103 - Chilecito;San Martín S/n;CENTRO DE SALUD
2384;13;SAN CARLOS;-33.943.567;-69.078.605;N_CTRO: 104 - Dr Faustino Gil;Ruta 40 km 130;CENTRO DE SALUD
2385;13;SAN CARLOS;-34.017.746;-69.029.366;N_CTRO: 106 - Paso Las Carretas;Ruta 40 km;CENTRO DE SALUD
2386;13;SAN CARLOS;-33.835.518;-69.122.961;N_CTRO: 147 - El Cepillo;Calle El Retiro S/n;CENTRO DE SALUD
2387;13;SAN CARLOS;-33.868.527;-69.041.035;N_CTRO: 312 - Casa Vieja;Paraje Casas Viejas;CENTRO DE SALUD
2388;13;SAN CARLOS;-3.371.645;-68.977.358;N_CTRO: 313 - Calise;Paraje Calise;CENTRO DE SALUD
2389;13;SAN CARLOS;-33.741.041;-69.185.236;N_CTRO: 314 - Furlotti;Paraje Furlotti;CENTRO DE SALUD
2390;13;SAN CARLOS;-33.922.484;-69.090.107;N_CTRO: 553 - Los Alamitos;Alamitos;CENTRO DE SALUD
2391;14;SAN MARTIN;-33.050.785;-68.565.243;N_CTRO 76 - Dr. Pérsico;C.  Soberania Nacional s/n.Palmira;CENTRO DE SALUD
2392;14;SAN MARTIN;-330.411;-68.557.546;N_CTRO: 207 - Villa Adela;Calle 13-V.Adela-Palmira;CENTRO DE SALUD
2393;14;SAN MARTIN;-33.157.169;-682.948;N_CTRO 84 - Simón Barbero;C. Prolongación Miguez s/n- Alto Salvador;CENTRO DE SALUD
2394;14;SAN MARTIN;-33.014.796;-68.391.528;N_CTRO 85 - María Escudero;C. Montecasero s/n. Tres esquinas;CENTRO DE SALUD
2395;14;SAN MARTIN;-32.748.061;-68.327.798;N_CTRO 87 - Nueva California;Thomás Sullivan s/n.California;CENTRO DE SALUD
2396;14;SAN MARTIN;-32.868.022;-68.320.911;N_CTRO: 167 - El Divisadero;Calle Lemos s/n. Divisadero;CENTRO DE SALUD
2397;14;SAN MARTIN;-33.113.769;-68.374.513;N_CTRO 79 - Alto Verde;R.Prov.50 Km.1022-A. Verde;CENTRO DE SALUD
2398;14;SAN MARTIN;-33.046.726;-68.274.204;N_CTRO: 189 - LambarÚ;Calle Nº12 s/n- Colonia LambarÚ;CENTRO DE SALUD
2399;14;SAN MARTIN;-33.061.822;-68.564.285;N_CTRO: 190 - Río Mendoza;Bº Río Mendoza Herrainz y rivadavia - Pa;CENTRO DE SALUD
2400;14;SAN MARTIN;-33.041.066;-68.449.379;N_CTRO: 194 - Barrio Lopez;Calle Nº2 Bº Lopez. Chivilcoy.;CENTRO DE SALUD
2401;14;SAN MARTIN;-32.842.748;-68.392.652;N_CTRO: 208 - El Central;Mendoza y Pardo. El Central;CENTRO DE SALUD
2402;14;SAN MARTIN;-3.297.894;-68.332.074;N_CTRO: 209 - Elias Yamín. Escuela Drago;"C.Jes&#250;s Nazaren s/no-Montecas.";CENTRO DE SALUD
2403;14;SAN MARTIN;-32.995.591;-68.279.684;N_CTRO 77 - Alto Montecas.;Carril Los.Charabones s/n.Montecas.;CENTRO DE SALUD
2404;14;SAN MARTIN;-33.103.863;-68.319.516;N_CTRO 80 - Ramblon Norte;Carril Norte s/n. Ramblón;CENTRO DE SALUD
2405;14;SAN MARTIN;-33.075.038;-68.422.912;N_CTRO 82 - Buen Orden;C. Buen Orden nº 2378. B.Orden;CENTRO DE SALUD
2406;14;SAN MARTIN;-33.042.011;-6.835.474;N_CTRO 81 - Chivilcoy;C. Anzorena s/n.Chivilcoy;CENTRO DE SALUD
2407;14;SAN MARTIN;-32.983.524;-68.465.736;N_CTRO 83 - Chapanay;C. Sarmiento y Mza.Chapanay;CENTRO DE SALUD
2408;14;SAN MARTIN;-33.063.438;-68.454.981;N_CTRO 50 - Hilda Tonini;Barbani. y Azurduy-Bº Guemes S.M.;CENTRO DE SALUD
2409;14;SAN MARTIN;-32.897.082;-68.388.733;N_CTRO 86 - Tres Porteñas;Bayo s/n. Tres Porteñas;CENTRO DE SALUD
2410;14;SAN MARTIN;-33.056.398;-68.549.647;N_CTRO: 195 - Enrique Alvarez;Ruta Prov.Nº50 y carril san pedro-Palmira;CENTRO DE SALUD
2411;14;SAN MARTIN;-33.064.321;-68.390.434;N_CTRO: 552 - El Espino;Carril El Espino s/n;CENTRO DE SALUD
2412;14;SAN MARTIN;-33.067.456;-68.517.991;N_CTRO: 242 - DR. ISMAEL YURI;CALLE ACHIRAS Y CALLE 8. Bº LIBERTAD;CENTRO DE SALUD
2413;14;SAN MARTIN;-32.915.584;-68.459.596;N_CTRO: 910 - PLAMIRA;CARRIL SAN PEDRO S/N;CENTRO DE SALUD
2414;15;SAN RAFAEL ;-34.821.496;-68.507.388;N_CTRO: 871 - Valle Grande;;CENTRO DE SALUD
2415;15;SAN RAFAEL ;-35.080.241;-69.582.696;N_CTRO: 118 - El Sosneado;Ruta 144-;CENTRO DE SALUD
2416;15;SAN RAFAEL ;-34.623.121;-68.440.074;N_CTRO: 116 - Cdo.Benegas;Ruta 144-;CENTRO DE SALUD
2417;15;SAN RAFAEL ;-35.031.366;-68.675.335;N_CTRO: 117 - El Nihuil;Alfredo Bufano;CENTRO DE SALUD
2418;15;SAN RAFAEL ;-3.552.808;-68.076.359;N_CTRO: 123 - Pta.del Agua;Avenida de Mayo;CENTRO DE SALUD
2419;15;SAN RAFAEL ;-34.635.382;-68.337.812;N_CTRO: 183 - Bo.Valle Grande;San Lorenzo e Irene CuriÚ;CENTRO DE SALUD
2420;15;SAN RAFAEL ;-34.580.877;-68.539.084;N_CTRO: 107 - Villa 25 de Mayo;9 de Julio Nº 677-;CENTRO DE SALUD
2421;15;SAN RAFAEL ;-34.513.656;-68.420.845;N_CTRO: 112 - El Usillal;Calle Las Mercedes;CENTRO DE SALUD
2422;15;SAN RAFAEL ;-34.584.631;-68.456.248;N_CTRO: 164 - Capitán Montoya;Calle Sol Naciente-;CENTRO DE SALUD
2423;15;SAN RAFAEL ;-34.677.467;-68.381.997;N_CTRO: 163 - El Vencedor;Zanjón Los Inquilinos-;CENTRO DE SALUD
2424;15;SAN RAFAEL ;-34.646.138;-68.375.455;N_CTRO: 159 - Isla Río Diamante;Amapola;CENTRO DE SALUD
2425;15;SAN RAFAEL ;-34.692.514;-68.365.604;N_CTRO: 119 - Rama Caida;Ejercito de los Andes;CENTRO DE SALUD
2426;15;SAN RAFAEL ;-34.722.889;-68.228.344;N_CTRO: 130 - Salto de las Rosa;9 de Julio;CENTRO DE SALUD
2427;15;SAN RAFAEL ;-34.556.385;-68.301.854;N_CTRO: 175 - El Cerrito;Adolfo Calle 3000;CENTRO DE SALUD
2428;15;SAN RAFAEL ;-34.702.824;-68.027.478;N_CTRO: 110 - Colonia Elena;Ruta Nac.146-;CENTRO DE SALUD
2429;15;SAN RAFAEL ;-34.612.642;-68.272.852;N_CTRO: 158 - Cdo.Nacional;Los Cedros 115-;CENTRO DE SALUD
2430;15;SAN RAFAEL ;-3.465.219;-6.823.672;N_CTRO: 142 - Bombal y Tabanera;Ruta 154-;CENTRO DE SALUD
2431;15;SAN RAFAEL ;-34.833.094;-6.825.014;N_CTRO: 109 - Malvinas;Brasil Nº 7-;CENTRO DE SALUD
2432;15;SAN RAFAEL ;-34.754.069;-68.338.624;N_CTRO: 160 - Tres Vientos;Ruta Prov.175-;CENTRO DE SALUD
2433;15;SAN RAFAEL ;-34.831.453;-67.923.693;N_CTRO: 114 - Villa Atuel;Balbino Arizu;CENTRO DE SALUD
2434;15;SAN RAFAEL ;-34.788.357;-67.987.909;N_CTRO: 161 - Atuel Norte;Ruta 143 S/N;CENTRO DE SALUD
2435;15;SAN RAFAEL ;-34.640.595;-68.013.486;N_CTRO: 111 - Rodolfo Iselín;Fray Luis Beltrán;CENTRO DE SALUD
2436;15;SAN RAFAEL ;-34.638.682;-68.009.011;N_CTRO: 170 - La Llave;Escuela;CENTRO DE SALUD
2437;15;SAN RAFAEL ;-34.591.821;-67.883.434;N_CTRO: 113 - Monte Comán;Calle Mendoza;CENTRO DE SALUD
2438;15;SAN RAFAEL ;-34.680.561;-68.131.684;N_CTRO: 108 - Goudge;Urquiza S/N;CENTRO DE SALUD
2439;15;SAN RAFAEL ;-3.484.428;-67.766.304;N_CTRO: 115 - Real del Padre;Calle Córdoba;CENTRO DE SALUD
2440;15;SAN RAFAEL ;-34.662.737;-68.362.952;N_CTRO: 862 - Pobre Diablo;;CENTRO DE SALUD
2441;15;SAN RAFAEL ;-34.591.426;-68.316.961;N_CTRO: 863 - Bº Municipal;Segundo Mercado 78;CENTRO DE SALUD
2442;15;SAN RAFAEL ;-34.901.264;-67.727.062;N_CTRO: 864 - Palermo chico;;CENTRO DE SALUD
2443;15;SAN RAFAEL ;-34.632.483;-68.324.741;N_CTRO: 320 - El Molino;Velez Sarsfield s/n;CENTRO DE SALUD
2444;15;SAN RAFAEL ;-34.684.756;-68.312.437;N_CTRO: 324 - Los Claveles;;CENTRO DE SALUD
2445;15;SAN RAFAEL ;-34.628.529;-68.311.383;N_CTRO: 325 - Ramón Carrillo;O de Rosas 1475;CENTRO DE SALUD
2446;15;SAN RAFAEL ;-34.608.326;-68.323.368;N_CTRO: 327 - Bº Constitucion;Alem 843;CENTRO DE SALUD
2447;15;SAN RAFAEL ;-3.463.726;-68.375.796;N_CTRO: 329 - Teresa Scagliotti;Los Plátanos 3000;CENTRO DE SALUD
2448;15;SAN RAFAEL ;-34.645.945;-68.334.615;N_CTRO: 334 - Las Margaritas;Callejón Las Margaritas s/n;CENTRO DE SALUD
2449;15;SAN RAFAEL ;-34.596.809;-68.368.665;N_CTRO: 339 - Francisca Strologo;El Chañaral s/n;CENTRO DE SALUD
2450;15;SAN RAFAEL ;-34.675.031;-68.230.928;N_CTRO: 340 - Manos Unidos;Ruta 160 y Luis Rojo;CENTRO DE SALUD
2451;15;SAN RAFAEL ;-34.632.515;-68.229.977;N_CTRO: 344 - Juan Manuel Garcia;Ruta 146 - Cuadro Bombal;CENTRO DE SALUD
2452;15;SAN RAFAEL ;-34.635.386;-67.947.786;N_CTRO: 345 - Colonia Gelman;;CENTRO DE SALUD
2453;15;SAN RAFAEL ;-34.609.531;-6.846.904;N_CTRO: 346 - Los Coroneles;Callejón Gomenzoro s/n;CENTRO DE SALUD
2454;15;SAN RAFAEL ;-34.605.846;-68.317.055;N_CTRO: 347 - Santa Teresita de Los Andes;Paula A. de Sarmiento 1288;CENTRO DE SALUD
2455;15;SAN RAFAEL ;-34.533.493;-68.196.864;N_CTRO: 348 - Colonia Española;Ruta 165;CENTRO DE SALUD
2456;15;SAN RAFAEL ;-34.595.199;-68.336.076;N_CTRO: 349 - Villa Laredo;Fleming s/n;CENTRO DE SALUD
2457;15;SAN RAFAEL ;-34.809.849;-67.995.889;N_CTRO: 350 - La Guevarina;;CENTRO DE SALUD
2458;15;SAN RAFAEL ;-34.682.216;-6.827.338;N_CTRO: 351 - El Tropezón;;CENTRO DE SALUD
2459;15;SAN RAFAEL ;-34.758.502;-68.019.287;N_CTRO: 354 - La Llave Sur;;CENTRO DE SALUD
2460;15;SAN RAFAEL ;-34.923.652;-68.247.843;N_CTRO: 359 - Las Malvinas Sur;;CENTRO DE SALUD
2461;15;SAN RAFAEL ;-34.748.786;-68.104.547;N_CTRO: 360 - Jesus Nazareno Riera;Calle Larga  s/n;CENTRO DE SALUD
2462;15;SAN RAFAEL ;-34.629.522;-68.294.471;N_CTRO: 865 - Don Bosco;Barcala 2500;CENTRO DE SALUD
2463;15;SAN RAFAEL ;-34.612.588;-68.398.965;N_CTRO: 513 - San Francisco Javier;Bentos y Los Sauces;CENTRO DE SALUD
2464;15;SAN RAFAEL ;-34.653.053;-68.324.707;N_CTRO: 867 - Cruz del Sur;Bº Pueblo Diamante - Balcarce 3600;CENTRO DE SALUD
2465;15;SAN RAFAEL ;-34.564.146;-68.362.644;N_CTRO: 514 - Virgen del Rosario;El Toledano s/n;CENTRO DE SALUD
2466;15;SAN RAFAEL ;-34.830.352;-67.980.034;N_CTRO: 869 - La Izuelina;Paraje La Izuelina;CENTRO DE SALUD
2467;15;SAN RAFAEL ;-34.868.596;-67.838.879;N_CTRO: 870 - Santa Lucia;Ruta 143 S/N;CENTRO DE SALUD
2468;16;SANTA ROSA;-33.196.796;-68.255.218;N_CTRO: 330 - 12 de Octubre;Bº 12 de Octubre;CENTRO DE SALUD
2469;16;SANTA ROSA;-33.299.221;-68.046.177;N_CTRO 73 - Las Catitas;9 de Julio Nº 76;CENTRO DE SALUD
2470;16;SANTA ROSA;-33.143.903;-68.130.187;N_CTRO: 162 - Balde de Piedra;Calle Valli S/n;CENTRO DE SALUD
2471;16;SANTA ROSA;-33.345.255;-67.924.282;N_CTRO 74 - La Dormida;Remo Falciani Nº 579;CENTRO DE SALUD
2472;16;SANTA ROSA;-34.046.206;-67.955.428;N_CTRO 75 - Ñacuñan;Ruta Nº 153;CENTRO DE SALUD
2473;16;SANTA ROSA;-33.482.756;-6.808.924;N_CTRO: 358 - La Costanera;La Costanera;CENTRO DE SALUD
2474;16;SANTA ROSA;-33.322.869;-6.799.301;N_CTRO: 505 - Alejo Sosa;Ruta Nº 50 s/n;CENTRO DE SALUD
2475;16;SANTA ROSA;-33.207.792;-6.820.586;N_CTRO: 331 - El Marcado;Bº Molina Cabreara s/n;CENTRO DE SALUD
2476;17;TUNUYAN;-33.667.385;-69.106.681;N_CTRO 61 - Juan J. BeguÚ;Calderón S/n;CENTRO DE SALUD
2477;17;TUNUYAN;-33.607.679;-69.105.372;N_CTRO 91 - Colonia Las Rosas;Tabaneras s/n;CENTRO DE SALUD
2478;17;TUNUYAN;-33.509.196;-69.266.286;N_CTRO 96 - Los Arboles;Ejercito de los Andes s/n;CENTRO DE SALUD
2479;17;TUNUYAN;-33.596.304;-69.175.797;N_CTRO 97 - Los Sauces;Tabaneras s/n;CENTRO DE SALUD
2480;17;TUNUYAN;-33.650.809;-69.156.764;N_CTRO 98 - Juan J. Delgado;25 de Mayo - Vista Flores;CENTRO DE SALUD
2481;17;TUNUYAN;-33.583.922;-69.105.688;N_CTRO: 153 - La Pintada;Quintana S/n;CENTRO DE SALUD
2482;17;TUNUYAN;-33.605.447;-69.224.956;N_CTRO: 154 - Los Chacayes;Corredor Productivo S/n;CENTRO DE SALUD
2483;17;TUNUYAN;-33.584.615;-69.032.773;N_CTRO: 171 - Bº Urquiza;San Lorenzo s/n;CENTRO DE SALUD
2484;17;TUNUYAN;-33.565.144;-69.171.441;N_CTRO: 181 - Salomón Levy;Corredor Productivo S/n;CENTRO DE SALUD
2485;17;TUNUYAN;-33.556.664;-69.015.855;N_CTRO: 191 - Puente del Rio;Ruta 40 km 83;CENTRO DE SALUD
2486;17;TUNUYAN;-33.511.415;-69.133.164;N_CTRO: 197 - El Algarrobo;Loteo Dante;CENTRO DE SALUD
2487;17;TUNUYAN;-3.358.949;-69.026.024;N_CTRO: 235 - Bº Venezuela;Guizazola y La Argentina;CENTRO DE SALUD
2488;17;TUNUYAN;-33.601.997;-6.938.208;N_CTRO: 236 - El Manzano Hist.;Calle 17 de agosto;CENTRO DE SALUD
2489;17;TUNUYAN;-33.547.696;-6.903.499;N_CTRO: 548 - El Topón;La Puntilla S/n;CENTRO DE SALUD
2490;17;TUNUYAN;-33.712.678;-69.186.358;N_CTRO: 555 - Campo Los Andes;Regimiento Campo los Andes;CENTRO DE SALUD
2491;18;TUPUNGATO;-33.300.919;-69.166.262;N_CTRO 93 - La Carrera;Ruta Prov. Nº 89 s/n;CENTRO DE SALUD
2492;18;TUPUNGATO;-33.312.681;-69.161.501;N_CTRO 92 - San JosÚ;La Gloria 1768;CENTRO DE SALUD
2493;18;TUPUNGATO;-33.463.804;-69.140.662;N_CTRO 94 - El Algarrobo;"El &#193;lamo s/n";CENTRO DE SALUD
2494;18;TUPUNGATO;-33.332.009;-68.919.103;N_CTRO: 184 - Italo Palumbo Anchoris;Ruta Prov. Nº 40 s/n Km 48;CENTRO DE SALUD
2495;18;TUPUNGATO;-33.362.852;-69.114.258;N_CTRO: 198 - La Arboleda;Calle Iriarte s/n;CENTRO DE SALUD
2496;18;TUPUNGATO;-33.518.168;-68.999.813;N_CTRO: 551 - Dora Zonana;Villa Bastías s/n;CENTRO DE SALUD
2497;18;TUPUNGATO;-33.398.814;-69.106.838;N_CTRO 95 - El Zampal;Iriarte s/n;CENTRO DE SALUD
